id,search_type,search_tag,role,timestamp,result_count,search_duration
6474,keyword,imperite neshness,db-user,2024-08-18 00:00:00,12,1.68
9448,keyword,Eriglossa daw corral,api-user,2022-03-02 00:00:00,15,3.24
8424,keyword,oecus,db-user,2023-09-11 00:00:00,6,4.86
4050,hybrid,unostensible prosubscription acrochordon,end-user,2023-11-27 00:00:00,21,4.15
3890,keyword,crena,api-user,2023-11-06 00:00:00,5,0.85
8492,keyword,Palaung,end-user,2024-03-04 00:00:00,29,4.66
4433,keyword,shoreman,end-user,2022-03-02 00:00:00,12,4.07
4076,hybrid,omniperfect,db-user,2022-07-04 00:00:00,17,3.63
8154,hybrid,unentangleable,admin,2024-10-23 00:00:00,5,4.22
4760,keyword,momentaneousness portion reorder bracingness,end-user,2023-05-18 00:00:00,9,3.85
2628,keyword,eighthly adenological,api-user,2023-05-07 00:00:00,28,1.26
6093,keyword,acylamido mermaid pseudorealistic,admin,2023-07-15 00:00:00,6,4.6
8038,keyword,lysidine pericopic phytopathologist,db-user,2024-07-27 00:00:00,15,2.92
9384,hybrid,biscuitry pharyngoplegy opisthographic turfdom,db-user,2024-09-05 00:00:00,29,3.01
6467,hybrid,Hysteriales,end-user,2023-03-22 00:00:00,9,3.17
9164,keyword,hygrometric yachtswoman Parthenocissus subsartorial,api-user,2023-12-13 00:00:00,18,4.95
6030,hybrid,citator,api-user,2023-04-27 00:00:00,16,3.51
5019,keyword,waterlog ninetieth thistled fiducia,api-user,2022-12-26 00:00:00,20,1.43
2851,hybrid,movably yirn,admin,2023-07-06 00:00:00,8,2.48
3281,keyword,improvisedly strychnol recondole slumgum,api-user,2024-02-27 00:00:00,21,3.75
2924,keyword,enantiomorph,db-user,2024-02-28 00:00:00,5,2.11
4497,hybrid,bibliotherapy stockannet,admin,2022-08-25 00:00:00,7,3.39
3327,keyword,tetrathecal,api-user,2024-08-19 00:00:00,12,1.34
3034,keyword,acrostichic,admin,2023-08-02 00:00:00,5,4.86
4556,keyword,procritique interminister,end-user,2023-03-09 00:00:00,25,1.62
8834,hybrid,petitionproof,api-user,2023-09-15 00:00:00,16,4.43
5306,hybrid,autocephality,end-user,2023-05-07 00:00:00,13,3.04
2800,hybrid,for briefs tailhead hygienal,admin,2024-05-15 00:00:00,28,2.14
9314,keyword,gaydiang kinepox prosodus,end-user,2022-11-01 00:00:00,24,1.8
3316,hybrid,bumblepuppy untroublesome iconometry,api-user,2022-03-27 00:00:00,25,1.04
8975,hybrid,hydatopyrogenic pseudopupa powldoody,db-user,2023-09-22 00:00:00,2,4.32
6252,keyword,Archichlamydeae,admin,2024-09-16 00:00:00,4,3.47
5563,keyword,Acubens antitax patchleaf thallochlore,db-user,2022-10-24 00:00:00,7,2.76
5704,hybrid,peccantly nonrecollection hipple,admin,2022-05-20 00:00:00,14,3.62
4437,hybrid,Marcellian downslip gaw,db-user,2023-03-29 00:00:00,11,2.63
4607,hybrid,turbanwise sulphocyanate,api-user,2023-06-22 00:00:00,21,3.77
2661,hybrid,syllabi absolutize concubine,admin,2024-06-03 00:00:00,27,1.18
8181,keyword,ipsedixitist photodrama,db-user,2023-03-21 00:00:00,20,3.07
1513,keyword,disherent,end-user,2023-12-17 00:00:00,26,3.08
5453,keyword,Caribisi frondent brassic,api-user,2022-08-01 00:00:00,13,2.23
8399,keyword,cashcuttee plankton preponderatingly Jeremias,api-user,2023-08-13 00:00:00,3,3.6
2175,hybrid,counterprick Polymastodon cystomyxoma wretchless,admin,2023-02-13 00:00:00,6,4.05
7061,keyword,imperviousness stew,db-user,2024-08-24 00:00:00,19,3.02
1311,hybrid,unhabituated,db-user,2023-03-27 00:00:00,8,1.41
3424,hybrid,strawfork anachronous Glossophora,api-user,2022-08-05 00:00:00,25,2.79
8764,keyword,borocalcite,db-user,2023-06-05 00:00:00,20,2.96
7839,keyword,misgrowth ironwort dejecta eatableness,db-user,2024-09-27 00:00:00,8,3.56
3859,hybrid,virtualism,db-user,2023-09-04 00:00:00,3,1.3
1331,keyword,subicle sig anthrachrysone,admin,2023-11-19 00:00:00,9,1.04
2367,hybrid,sorryhearted,api-user,2024-12-15 00:00:00,7,1.33
1705,hybrid,shepherddom waxmaker upstroke,api-user,2024-04-01 00:00:00,20,4.8
6920,hybrid,supercool undecreed unsplinted muciform,db-user,2024-12-23 00:00:00,6,1.56
7997,hybrid,lithophotogravure becobweb unyieldingly,end-user,2022-07-19 00:00:00,26,2.65
2155,keyword,Sagra,end-user,2022-12-22 00:00:00,5,3.92
4830,keyword,yaxche fantasticness exitus pronounced,end-user,2022-08-06 00:00:00,18,2.39
7866,keyword,necrographer contemnor unalarming,db-user,2024-03-29 00:00:00,14,0.59
7568,keyword,diphenylenimide billyboy,db-user,2022-06-19 00:00:00,3,0.74
6316,keyword,hemolysis diphthongally vives unkindling,admin,2024-02-11 00:00:00,23,2.42
4532,hybrid,Sciaeniformes cionocranial intractableness overgrievous,admin,2022-10-02 00:00:00,18,2.47
5626,keyword,gustless,api-user,2024-02-06 00:00:00,16,3.43
7846,keyword,Bulbilis explorator,db-user,2023-03-13 00:00:00,20,4.11
7980,hybrid,outrail firecracker diplopic whipman,db-user,2024-04-05 00:00:00,25,0.6
8046,hybrid,ethnicist Titianic,end-user,2023-04-12 00:00:00,13,3.89
1935,hybrid,styliform ethnology repossession,api-user,2023-12-30 00:00:00,22,2.25
2702,hybrid,somewise phantasmally lactonic coniferin,api-user,2024-10-12 00:00:00,16,4.19
2605,hybrid,aripple,api-user,2022-01-27 00:00:00,3,1.87
2692,hybrid,unmeasuredness rippon pharyngorhinitis,db-user,2023-05-03 00:00:00,25,0.75
2576,hybrid,unmarrying bucklum rodsman indecently,api-user,2024-08-27 00:00:00,20,4.37
1720,hybrid,recollectedly,db-user,2024-09-12 00:00:00,29,2.73
2485,hybrid,cornucopia,admin,2023-05-25 00:00:00,4,0.98
9804,keyword,natatorium unlocomotive cypseloid smorgasbord,end-user,2024-05-02 00:00:00,2,1.63
2999,hybrid,Icaria Amsterdamer tanach androsporangium,end-user,2023-09-03 00:00:00,25,4.27
6102,keyword,presser streaklike clorargyrite,api-user,2024-12-17 00:00:00,10,4.45
9704,hybrid,triaxon ichthyolitic bridgeway,end-user,2024-09-06 00:00:00,8,2.67
1125,keyword,pastelist gyroscopically,admin,2023-03-13 00:00:00,26,1.59
5226,hybrid,walycoat,end-user,2022-03-05 00:00:00,12,1.54
3717,hybrid,unbitten,api-user,2023-01-18 00:00:00,27,3.24
5762,hybrid,samh outborn,db-user,2023-06-13 00:00:00,22,3.44
3985,hybrid,breechesless sermonet millering pundonor,db-user,2024-06-09 00:00:00,8,1.09
9789,hybrid,paleophysiology several croneberry hippian,api-user,2022-09-30 00:00:00,12,2.05
8413,keyword,countervenom,api-user,2023-05-23 00:00:00,1,1.17
4872,hybrid,dixenite fructification,end-user,2024-10-17 00:00:00,4,2.15
4318,hybrid,termitarium valuable nightwards,admin,2023-01-03 00:00:00,15,3.54
4826,keyword,autocratic vinylidene,db-user,2022-03-30 00:00:00,6,3.32
4739,keyword,metastrophe,api-user,2024-10-26 00:00:00,14,3.54
7923,hybrid,Freesia dispersoid multivariant,admin,2024-05-11 00:00:00,29,2.51
2049,keyword,commissural extrasolar possibilitate,admin,2024-09-19 00:00:00,12,2.84
1886,keyword,pithy diketo off,admin,2023-11-09 00:00:00,2,2.71
8533,keyword,pedanticly compel sphaeridia aurigation,end-user,2023-04-25 00:00:00,21,1.29
5860,keyword,thalenite dentalgia blunthead,db-user,2023-09-24 00:00:00,9,2.99
1442,keyword,teasableness iridoparalysis mick arsenal,api-user,2023-11-02 00:00:00,6,4.55
3471,hybrid,gutwise unintuitive monumentalism,db-user,2022-11-01 00:00:00,17,1.76
6317,hybrid,underfeature,end-user,2023-12-02 00:00:00,1,3.76
4569,hybrid,liverydom potrack unwomanliness biometer,db-user,2022-02-06 00:00:00,3,4.27
4443,keyword,separableness,db-user,2023-12-21 00:00:00,4,3.29
7877,keyword,misdoubt inobtrusiveness Ptychosperma cholecystokinin,end-user,2022-09-27 00:00:00,23,1.89
9918,hybrid,carene runningly decarnated paleoglyph,api-user,2022-01-16 00:00:00,4,1.02
9233,hybrid,disrespectful capriped,admin,2022-03-25 00:00:00,4,1.85
9659,keyword,prereadiness Rattus garefowl,end-user,2024-03-06 00:00:00,16,3.59
1865,hybrid,towerlet Khotan cleavable osier,api-user,2023-10-12 00:00:00,27,0.5
7157,hybrid,overgown chariotlike phreatic,end-user,2022-08-30 00:00:00,8,2.71
6256,hybrid,karyoplasma geniolatry,end-user,2022-09-22 00:00:00,25,4.14
6828,keyword,pneumonodynia,db-user,2024-07-08 00:00:00,12,4.7
7621,keyword,suff diallel pickeer,end-user,2024-12-21 00:00:00,1,1.78
8471,hybrid,hemopericardium obsoletely disdenominationalize,db-user,2022-11-06 00:00:00,14,1.28
2780,keyword,introsensible,api-user,2022-05-17 00:00:00,11,4.35
7468,keyword,bronzed,end-user,2023-01-01 00:00:00,25,4.7
9213,hybrid,heptylene Mucker,end-user,2023-06-03 00:00:00,18,4.41
6097,keyword,oversoon bovovaccination monopersulphuric dayberry,end-user,2022-11-17 00:00:00,28,1.66
5799,hybrid,tulasi Aurantium,api-user,2023-04-28 00:00:00,22,1.61
5227,keyword,pyramoidal penfold,db-user,2024-07-10 00:00:00,12,4.57
6972,keyword,blithefully sultana carbonite settee,admin,2023-03-17 00:00:00,10,3.85
2674,keyword,fergusite,api-user,2022-06-30 00:00:00,6,2.84
6426,hybrid,tanzeb killy,db-user,2022-06-27 00:00:00,7,3.14
7799,keyword,eagle unrepentingness,api-user,2023-05-28 00:00:00,22,3.03
3321,hybrid,Ataigal odontorhynchous unhallooed,end-user,2022-01-02 00:00:00,3,1.75
6523,keyword,exploring hemagogue,admin,2023-08-31 00:00:00,10,1.52
3866,hybrid,intraterritorial ancone kumbi pastelist,admin,2024-03-29 00:00:00,28,4.91
5480,hybrid,pentagyn Manchester epipubic,end-user,2024-12-25 00:00:00,27,3.73
8497,hybrid,preceptively,end-user,2022-05-29 00:00:00,8,3.15
4581,keyword,sportulae cryptomnesia loathfully,db-user,2024-07-22 00:00:00,2,4.61
6263,keyword,emeership urostyle pangenesis,admin,2024-01-13 00:00:00,4,2.06
9067,keyword,tenthredinoid,api-user,2022-08-03 00:00:00,25,2.88
9772,hybrid,Nachschlag diactinal heedlessness,api-user,2024-09-30 00:00:00,13,4.11
5865,keyword,membracid,end-user,2024-12-07 00:00:00,26,0.97
5954,keyword,quadrigeminum,db-user,2024-06-10 00:00:00,29,2.3
5671,keyword,zoonist,db-user,2022-02-03 00:00:00,8,4.87
6373,hybrid,dispost mutage,db-user,2024-08-22 00:00:00,11,1.31
5103,keyword,malformation oathay resucceed malabathrum,api-user,2024-07-28 00:00:00,18,4.84
9219,hybrid,Echinoidea Colubridae teleost courap,db-user,2023-10-21 00:00:00,17,3.43
1562,keyword,noblesse,api-user,2023-10-18 00:00:00,10,2.98
1961,keyword,trashily,end-user,2024-12-21 00:00:00,1,0.63
5787,keyword,Epihippus unstaggering,end-user,2023-09-24 00:00:00,14,1.79
7439,hybrid,ureteroproctostomy androdioecism euphemistically myringodectomy,admin,2022-03-16 00:00:00,23,3.41
4470,hybrid,panjandrum uniquity forecourt,admin,2023-02-19 00:00:00,17,4.17
1323,hybrid,lengthener Eve paratungstic,admin,2022-05-10 00:00:00,19,1.76
5493,hybrid,agricere Apterygogenea mangily,api-user,2022-07-26 00:00:00,15,4.57
9154,keyword,ocreated cognize solemnity,api-user,2024-12-22 00:00:00,21,3.23
9608,hybrid,afterhelp lessee,api-user,2022-03-07 00:00:00,13,3.59
4411,keyword,antistalling,end-user,2024-05-15 00:00:00,9,3.85
2023,hybrid,sibylline,api-user,2023-05-26 00:00:00,14,1.14
6057,keyword,gazette noncombustible abactinal anatomize,db-user,2023-09-08 00:00:00,21,1.06
6803,hybrid,Savoyard stilet,db-user,2022-11-29 00:00:00,9,3.96
1510,hybrid,circumtonsillar bouffant,admin,2024-06-07 00:00:00,12,4.04
9465,keyword,afflictively preferredly biophysical,api-user,2024-09-14 00:00:00,8,4.73
8671,keyword,safen fenchene,api-user,2024-10-10 00:00:00,1,4.14
8355,hybrid,fermorite unmodernize bater bracer,api-user,2023-02-04 00:00:00,18,2.62
6704,hybrid,supraseptal,api-user,2024-02-20 00:00:00,22,4.83
3556,keyword,brassy,api-user,2022-07-17 00:00:00,17,3.49
1225,keyword,claribella Namaqua chelem,end-user,2022-07-05 00:00:00,2,4.2
7982,keyword,morphography yaud beadlery aho,db-user,2023-06-19 00:00:00,10,0.51
9582,hybrid,styline,admin,2024-09-24 00:00:00,1,0.56
8378,hybrid,considerately glazier Wambugu,admin,2023-07-19 00:00:00,13,2.96
9435,hybrid,uncleverness Florida chromatist,db-user,2022-06-21 00:00:00,23,4.68
7716,keyword,confide,end-user,2024-02-11 00:00:00,25,2.34
2980,hybrid,photoinduction gooseherd myoproteose,end-user,2024-11-23 00:00:00,25,4.69
3927,hybrid,siliculous unboasted,db-user,2023-12-04 00:00:00,29,4.32
1036,keyword,unsegregatedness unde,db-user,2023-12-16 00:00:00,9,2.56
8341,hybrid,remex rubbish cadaverously lite,api-user,2022-09-29 00:00:00,22,3.32
1055,keyword,impeditive Americomania,api-user,2023-04-11 00:00:00,18,1.61
1408,hybrid,shown uninvoked allodesmism,db-user,2023-03-06 00:00:00,14,2.11
3856,hybrid,supplementer unmentionables dubiety,end-user,2022-12-17 00:00:00,6,0.57
8291,hybrid,overboding docimastical,end-user,2024-01-10 00:00:00,25,4.24
2950,hybrid,myxomycete,api-user,2024-12-26 00:00:00,29,1.88
9909,hybrid,aerometry ovariotubal neurolytic heterocline,end-user,2022-12-01 00:00:00,24,1.73
7022,keyword,junta seismography javali,end-user,2022-01-08 00:00:00,2,1.76
2094,hybrid,siphonariid,end-user,2023-11-30 00:00:00,22,2.38
1426,keyword,litus Regulares,db-user,2022-05-19 00:00:00,17,0.89
1736,hybrid,militaster,db-user,2024-04-06 00:00:00,27,4.33
3895,hybrid,scaldy anociassociation nonsludging,api-user,2022-01-26 00:00:00,3,2.75
1308,keyword,preidentification encapsule,api-user,2022-12-13 00:00:00,16,4.34
1609,hybrid,orthopedic experimentalism outhire metanalysis,api-user,2024-05-12 00:00:00,11,3.91
5264,hybrid,pretextuous diplocephalous polyodont ethenic,db-user,2022-08-17 00:00:00,21,2.18
7169,hybrid,savorily meedless guze,end-user,2022-03-31 00:00:00,24,4.23
4789,hybrid,baseheartedness Kinosternidae,db-user,2023-07-21 00:00:00,5,2.91
8683,keyword,ionizable winklehole amidoacetophenone juncous,end-user,2023-04-25 00:00:00,12,2.18
9844,keyword,shucks,api-user,2022-11-16 00:00:00,17,4.21
6328,keyword,sulphurlike pole regratress,end-user,2024-07-25 00:00:00,6,4.35
7444,keyword,esophoric imperceived harebell inheritor,api-user,2024-05-08 00:00:00,19,2.93
6540,hybrid,plumatellid,end-user,2023-06-14 00:00:00,8,0.86
2036,keyword,Bothriolepis poonghie,admin,2023-05-03 00:00:00,1,2.15
5807,keyword,vehiculate,admin,2024-11-21 00:00:00,14,4.32
2272,hybrid,laryngic,api-user,2024-02-04 00:00:00,27,3.1
9056,hybrid,metrological dotless hertzian,admin,2022-09-12 00:00:00,2,4.22
1168,hybrid,realize mesitylene,db-user,2022-12-21 00:00:00,14,2.68
2371,keyword,ungargled,db-user,2023-10-09 00:00:00,25,1.84
6783,hybrid,bobolink lappet womanhouse,admin,2024-01-21 00:00:00,15,2.23
3642,keyword,circumparallelogram photofloodlamp cornual quizzical,api-user,2022-10-04 00:00:00,22,3.6
6259,keyword,Tetragynia allochlorophyll,api-user,2022-12-20 00:00:00,1,3.13
5847,keyword,semicoma,admin,2023-11-13 00:00:00,3,2.48
9428,hybrid,parallelogrammatic rehearten,db-user,2024-05-29 00:00:00,13,1.67
9554,keyword,tricktrack steepy religioner,end-user,2022-01-23 00:00:00,5,4.62
3739,hybrid,perispomenon pentacrinite,api-user,2024-06-23 00:00:00,14,2.43
3579,hybrid,baggageman usnea agilely,end-user,2024-12-18 00:00:00,1,1.71
8506,keyword,nowanights temptatious,end-user,2022-12-16 00:00:00,16,1.27
7468,hybrid,omnific historiology,end-user,2022-10-16 00:00:00,3,2.93
4771,hybrid,stinkpot klendusity,db-user,2022-12-02 00:00:00,18,1.23
3480,hybrid,viscerate Flugelhorn,db-user,2024-12-03 00:00:00,16,3.83
7683,hybrid,nonfuroid rufflement,api-user,2024-03-03 00:00:00,28,2.35
2058,keyword,workplace overcut Geometridae tetraphalangeate,admin,2024-10-04 00:00:00,15,3.16
5937,keyword,unburning uncongratulated trafficability Citigradae,db-user,2023-03-29 00:00:00,10,1.37
5420,hybrid,poohpoohist,api-user,2024-09-15 00:00:00,24,2.51
2664,keyword,prolificy Schizogregarinida fecundify afaint,api-user,2022-01-19 00:00:00,11,0.89
6421,keyword,philomath revengeless faunist budgeree,end-user,2023-03-26 00:00:00,4,1.07
5347,hybrid,uncommunicably uterocervical exculpatory,admin,2023-10-10 00:00:00,26,3.1
7772,hybrid,lipodystrophia mermithaner,admin,2024-06-04 00:00:00,16,2.58
4607,hybrid,Sergei jinnestan,admin,2024-03-13 00:00:00,29,0.81
6529,keyword,Transjordanian,admin,2022-05-13 00:00:00,8,1.52
4639,hybrid,myxomycetous misery wrestler canvassy,admin,2024-10-04 00:00:00,22,1.77
6369,keyword,murra siphonostomous,admin,2023-03-13 00:00:00,19,3.78
4706,keyword,abstemious quadratrix Xinca,api-user,2023-12-26 00:00:00,5,4.84
8359,hybrid,dictyogenous plumate predestinative,api-user,2022-04-19 00:00:00,29,3.13
9842,keyword,floccipend Khlysti occursive,admin,2022-07-05 00:00:00,8,1.54
9214,keyword,toxicophobia vitrine polytheistically,api-user,2023-10-22 00:00:00,14,0.98
3098,hybrid,extine humiliation,end-user,2024-04-30 00:00:00,15,1.34
3287,keyword,chassis chat idlement parachromophoric,end-user,2022-02-05 00:00:00,26,4.75
3727,keyword,chlamydozoan imputation swimmable treacherously,admin,2024-03-22 00:00:00,6,0.8
4628,hybrid,menophania adipogenous,admin,2023-01-01 00:00:00,8,3.71
9944,keyword,antitragic,api-user,2024-02-20 00:00:00,3,1.39
8003,keyword,antepenult odontitis disimpark,admin,2023-08-10 00:00:00,11,4.64
6605,hybrid,pentastome endarterial platinite,admin,2022-01-30 00:00:00,4,4.76
1722,hybrid,adscriptive Boulangism declericalize,api-user,2024-02-17 00:00:00,2,3.81
8949,keyword,allbone,api-user,2023-06-25 00:00:00,13,1.21
5320,hybrid,innervational pigmentolysis,api-user,2022-07-25 00:00:00,10,2.06
3599,keyword,Sadite undernatural,admin,2023-01-02 00:00:00,12,0.85
5859,keyword,melioration entophytically anaglyphical,api-user,2023-05-26 00:00:00,28,2.21
3303,keyword,vet,admin,2023-04-22 00:00:00,11,3.2
7596,hybrid,unelectable teart arachnoidal,admin,2022-10-10 00:00:00,4,4.56
4807,hybrid,obscurity leucaugite redisposition,db-user,2023-08-07 00:00:00,9,0.59
8619,hybrid,miskenning facially martyrdom unsuffering,admin,2024-10-17 00:00:00,11,3.56
4573,hybrid,maleo,admin,2024-07-10 00:00:00,7,3.61
1522,hybrid,parosmia epigone biseptate Mimosa,api-user,2022-01-01 00:00:00,18,3.2
1448,hybrid,polynucleated coddle Cirratulus facecloth,admin,2022-09-18 00:00:00,19,2.94
2908,keyword,trampot,api-user,2023-11-30 00:00:00,17,1.57
3943,keyword,Teucrium forsooth hamirostrate,db-user,2022-03-23 00:00:00,7,3.32
3933,hybrid,velocipedean zoosphere fitched,api-user,2023-03-08 00:00:00,8,4.28
5756,hybrid,reinvert nebulous Katipuneros gremial,db-user,2023-03-17 00:00:00,1,2.5
3966,keyword,smeeth batsmanship demisheath septuncial,api-user,2022-12-06 00:00:00,21,4.0
8606,keyword,higher uloid,admin,2024-02-13 00:00:00,12,0.7
9177,hybrid,fink jerque upcatch Radicula,admin,2024-10-08 00:00:00,5,1.72
3961,hybrid,Fistulina nonproprietor nurselet dish,end-user,2023-11-06 00:00:00,25,3.9
1533,hybrid,cragginess,api-user,2023-06-28 00:00:00,10,3.77
4007,hybrid,trondhjemite uralitization strawman Sart,api-user,2023-12-10 00:00:00,25,3.74
9101,keyword,nowadays gobiesocid cartage,end-user,2022-05-18 00:00:00,11,2.02
2995,keyword,Holognatha nimbification traducible,api-user,2022-10-02 00:00:00,26,1.48
5619,keyword,monochroic,admin,2022-08-07 00:00:00,12,1.77
9024,keyword,streyne deligated uniparous,api-user,2024-11-27 00:00:00,8,1.34
2153,keyword,vasomotion outporter inconcludent,api-user,2023-03-25 00:00:00,19,2.91
1996,hybrid,dominator,api-user,2022-06-23 00:00:00,1,2.8
6744,hybrid,spondylosis dominantly wholehearted,end-user,2024-09-20 00:00:00,17,0.91
7989,hybrid,archaeographic debby,api-user,2024-02-12 00:00:00,13,2.62
2314,keyword,anoxemic hydurilic mimbar,db-user,2024-03-31 00:00:00,6,3.96
9490,hybrid,Astylosternus unifoliar thymonucleic,db-user,2022-07-05 00:00:00,5,2.84
9164,keyword,Sisymbrium antiputrid undepressible surgy,db-user,2023-07-10 00:00:00,20,3.35
5347,hybrid,centronucleus plotlessness antiedemic,end-user,2023-01-27 00:00:00,5,2.25
3081,keyword,Spica pruriginous uncoy,api-user,2024-12-29 00:00:00,25,0.53
4530,keyword,proanimistic,db-user,2023-10-16 00:00:00,13,4.87
2850,keyword,suwarro longiloquence,end-user,2022-12-13 00:00:00,21,1.75
3249,hybrid,erythemic assoil photophobic congestive,admin,2024-02-02 00:00:00,25,2.45
8101,keyword,malrotation prostration Pierce,db-user,2023-04-28 00:00:00,8,3.18
9022,hybrid,sylleptic,admin,2024-04-18 00:00:00,2,0.99
8338,keyword,outservant Bret superexistent,db-user,2024-04-17 00:00:00,28,4.02
8557,hybrid,Uraniidae,api-user,2024-06-16 00:00:00,20,2.15
8975,hybrid,palaeodendrologist detrimental datemark nonescape,admin,2023-03-19 00:00:00,23,1.15
4971,hybrid,zygapophyseal fellowless owerby,end-user,2022-02-25 00:00:00,22,1.65
4097,hybrid,Parthenon nonpumpable orchestrina reportorial,end-user,2024-06-09 00:00:00,26,4.42
5495,keyword,akinesis childhood,api-user,2023-05-01 00:00:00,19,0.69
7778,hybrid,dactyl skewwise,admin,2022-03-11 00:00:00,13,0.91
7560,keyword,pseudomedieval fluorite kinescope arthrodial,db-user,2023-05-07 00:00:00,8,2.96
4536,hybrid,apt urachus,end-user,2024-03-18 00:00:00,27,3.99
6921,keyword,infuriation Ahtena Lanao proteosome,end-user,2023-01-03 00:00:00,26,1.54
1505,keyword,monochordize basally,end-user,2022-03-21 00:00:00,13,3.83
1964,keyword,tugui underland upbolster,api-user,2022-01-26 00:00:00,18,2.38
4491,keyword,ardassine motet disecondary tumulary,admin,2023-08-29 00:00:00,29,1.35
2378,keyword,compitum unpropriety,db-user,2022-10-30 00:00:00,6,3.13
4177,hybrid,brachiferous unpulverized Scorpionidea seamanite,api-user,2024-06-12 00:00:00,9,2.99
4190,hybrid,worshipable gonoblast,admin,2022-06-28 00:00:00,28,4.85
4227,hybrid,noneastern unmuzzled,db-user,2022-01-27 00:00:00,17,3.18
7736,hybrid,Suiogoth sleeking aegeriid hypercarnal,end-user,2022-10-02 00:00:00,17,4.55
8804,keyword,peritonsillar scalpel astarboard,api-user,2022-05-30 00:00:00,25,3.42
3305,keyword,goodness forritsome hypercoracoid,end-user,2023-05-25 00:00:00,10,2.55
1844,hybrid,trisulphonic unhesitant bahan,api-user,2023-02-11 00:00:00,16,3.7
6940,keyword,romantism interference,admin,2023-10-21 00:00:00,5,4.98
1678,hybrid,professorial alienor inquirer toponymical,db-user,2023-02-26 00:00:00,1,4.12
1640,hybrid,Colossuswise barleysick Opuntiaceae Pan,api-user,2024-05-30 00:00:00,7,1.6
2740,hybrid,phoranthium mesorrhinium phlobaphene rascaless,admin,2023-08-17 00:00:00,3,2.06
5442,keyword,Teotihuacan overshadowing,db-user,2022-07-18 00:00:00,22,3.05
2475,keyword,wall,end-user,2024-09-01 00:00:00,12,4.03
7970,hybrid,nekton peripatetic figgy,api-user,2023-10-25 00:00:00,11,4.47
6001,keyword,bristletail,db-user,2022-12-12 00:00:00,13,4.23
9513,keyword,macrozoogonidium,admin,2024-05-12 00:00:00,27,3.57
4371,keyword,untenability scales,end-user,2023-05-18 00:00:00,15,2.9
7331,hybrid,lectureship Godsake saxonite stratlin,api-user,2023-05-16 00:00:00,28,1.57
5261,hybrid,Digitigrada Spirochaete Ascabart Guttera,db-user,2022-10-11 00:00:00,8,3.79
1906,keyword,lavolta bonang,end-user,2022-12-07 00:00:00,26,2.76
4869,hybrid,tergum catchpole Eudora riverly,end-user,2024-05-06 00:00:00,26,3.85
5341,hybrid,drawl elicitable approver,db-user,2022-02-02 00:00:00,2,3.72
4074,hybrid,unhydrolyzed regioned pachyderm Yurok,db-user,2024-05-31 00:00:00,12,1.18
5453,keyword,brittlewood gunflint,db-user,2023-12-07 00:00:00,5,2.48
3201,hybrid,belderroot,api-user,2024-08-13 00:00:00,23,4.71
4057,keyword,Mercury,end-user,2022-05-27 00:00:00,28,2.58
9176,keyword,irredential mesomorphic,admin,2023-10-01 00:00:00,15,2.97
6207,hybrid,ady Convoluta achar certificatory,db-user,2022-08-04 00:00:00,16,1.07
4501,hybrid,upstroke unabased Monophysitism hemiglossal,db-user,2024-04-12 00:00:00,27,0.52
2917,hybrid,plebiscitarian riddlingly lovelornness acetoin,admin,2024-03-27 00:00:00,12,3.7
4590,hybrid,nonexperimental whitebill gemmiparous,db-user,2024-12-14 00:00:00,4,2.22
9778,keyword,meagerly electrotherapeutic,api-user,2022-07-27 00:00:00,2,2.97
6052,hybrid,Natica,end-user,2024-10-24 00:00:00,20,4.74
5216,hybrid,unmercenary unembalmed,admin,2022-04-04 00:00:00,10,3.33
1898,keyword,Phaethontic,admin,2023-08-29 00:00:00,24,4.98
3344,keyword,prediversion sheeted gebang from,db-user,2022-04-22 00:00:00,6,3.17
5142,keyword,laurinoxylon profitable salpinx Nauset,end-user,2023-05-12 00:00:00,10,3.71
7442,keyword,geologically unmired,db-user,2022-05-25 00:00:00,6,0.88
9532,keyword,Rhomboganoidei Cynomys,end-user,2024-01-09 00:00:00,17,3.72
6726,keyword,tottle hydrocotarnine separable Luke,admin,2023-02-10 00:00:00,9,2.93
9162,keyword,anthrone raglan,end-user,2022-05-04 00:00:00,14,2.33
6843,keyword,substituting autoimmunization uncorrupt Thamudic,db-user,2022-05-21 00:00:00,12,0.93
5157,keyword,Palaeic pancreatization Bauera hache,api-user,2022-08-01 00:00:00,15,4.59
9217,hybrid,pugged simuler,admin,2023-08-07 00:00:00,23,2.51
6725,keyword,needleman,admin,2022-08-04 00:00:00,12,3.19
1535,keyword,equator trestlework guaiaconic,api-user,2024-12-07 00:00:00,5,1.75
5720,hybrid,lure precessional sciotherically,api-user,2023-12-18 00:00:00,17,4.44
2087,hybrid,chemurgical erythristic,db-user,2024-12-04 00:00:00,3,1.1
9305,keyword,actinomeric unconsequential uncassock,admin,2023-10-20 00:00:00,24,4.81
3500,hybrid,tylosteresis,db-user,2023-10-01 00:00:00,3,4.26
8468,hybrid,perpetrate,db-user,2024-11-18 00:00:00,3,2.64
2538,keyword,Mauri Otyak tetanomotor Genetrix,db-user,2023-06-09 00:00:00,2,1.09
4913,keyword,weevily deutoplasmic,db-user,2022-03-17 00:00:00,18,2.78
1172,keyword,ergmeter rosinduline,api-user,2024-12-06 00:00:00,10,1.59
1524,keyword,hygeiolatry,admin,2023-05-07 00:00:00,1,2.11
2401,hybrid,unguentum officeless howbeit,end-user,2022-12-24 00:00:00,14,0.95
2659,hybrid,plurilocular childness,end-user,2022-10-09 00:00:00,26,4.1
5176,hybrid,Reinhard incapacious cannibality,api-user,2022-12-30 00:00:00,23,3.73
9636,hybrid,exotericism shrap,db-user,2024-05-14 00:00:00,16,2.48
4657,hybrid,formicate gunmanship prehensive liquidy,db-user,2024-02-23 00:00:00,7,1.3
6860,hybrid,phalacrosis reswage pseudoparenchyme,end-user,2023-09-29 00:00:00,14,3.35
1671,keyword,amusia,end-user,2022-12-20 00:00:00,10,1.74
2380,keyword,philopatrian except blepharodiastasis nociassociation,db-user,2023-08-05 00:00:00,8,4.12
4856,hybrid,greasehorn rhetoricalness,api-user,2022-02-03 00:00:00,5,3.04
5848,hybrid,preternatural archisupreme,end-user,2023-01-24 00:00:00,29,0.79
6793,keyword,houghmagandy witchery,api-user,2022-03-30 00:00:00,19,3.24
9945,keyword,haricot,admin,2024-05-14 00:00:00,27,4.15
1691,hybrid,bigener,admin,2024-11-09 00:00:00,24,1.36
4205,hybrid,planipetalous rediscovery pentamethylene,admin,2022-08-20 00:00:00,23,1.22
2714,hybrid,denizenize unacquaint deflector weirdward,admin,2023-04-28 00:00:00,13,3.97
2511,keyword,easefulness whippingly chocho fieldwort,db-user,2023-05-30 00:00:00,2,4.15
4026,keyword,noncredence lavatorial Xerus,end-user,2022-11-01 00:00:00,7,3.96
8385,hybrid,misinform counterpressure bursar,api-user,2022-10-14 00:00:00,2,1.87
3818,hybrid,caxon prewash,end-user,2023-09-03 00:00:00,16,2.92
3181,hybrid,gare Tandy rumpadder,admin,2022-10-15 00:00:00,10,3.59
8732,hybrid,unpanting sphere pillarist canorousness,end-user,2023-06-26 00:00:00,25,1.22
9551,keyword,hemihydrated ductibility Coropo unsanctimoniously,db-user,2024-06-03 00:00:00,28,4.3
8870,keyword,uncrinkling becuiba Modenese larghetto,end-user,2024-01-16 00:00:00,4,2.17
8533,hybrid,dematerialization photistic attaint infusedly,db-user,2023-03-02 00:00:00,28,0.91
3626,hybrid,keratometry seam,api-user,2022-07-24 00:00:00,15,3.01
4461,hybrid,semidirect Protochorda conformity,api-user,2022-12-12 00:00:00,8,2.67
5888,hybrid,contentional fasciculate Alfurese nonrenunciation,db-user,2024-10-07 00:00:00,3,2.21
6286,keyword,polysarcia forcemeat sporoid commotional,db-user,2023-12-01 00:00:00,18,3.02
7445,keyword,deintellectualize Gloriosa disinfest Cuddy,db-user,2023-03-26 00:00:00,4,4.39
7783,keyword,afterpast,admin,2024-12-13 00:00:00,16,2.24
4957,hybrid,Myelozoa Antilopinae torrential,api-user,2023-05-09 00:00:00,12,0.61
5246,keyword,frim rarebit undertakingly,db-user,2024-03-09 00:00:00,2,3.72
5860,keyword,Platonician,db-user,2024-05-07 00:00:00,23,1.35
7224,keyword,antoecians fraid obnubilate chous,end-user,2023-02-03 00:00:00,11,3.47
4493,keyword,whase,api-user,2022-09-20 00:00:00,1,1.34
7493,keyword,terracewise,db-user,2023-11-06 00:00:00,5,4.99
1229,keyword,retricked wichtisite,end-user,2024-09-23 00:00:00,7,1.62
7454,hybrid,adenophyma saprogenic Buprestidae,admin,2022-03-27 00:00:00,22,1.74
8414,hybrid,thermogenesis trayful widen,db-user,2024-01-16 00:00:00,7,1.96
6393,keyword,overmickle Cladophoraceae,db-user,2023-11-26 00:00:00,25,4.98
9592,keyword,unfluxile blister malediction,end-user,2023-05-12 00:00:00,4,2.81
5301,hybrid,monoptical arboricultural teethless,db-user,2024-11-20 00:00:00,16,3.08
5515,hybrid,similarly hearts machicoulis,end-user,2024-11-14 00:00:00,29,3.88
1741,keyword,clangorous,end-user,2024-07-09 00:00:00,12,1.49
9213,keyword,unimodal olive,end-user,2023-01-12 00:00:00,1,0.57
8824,hybrid,conima inconsumed Tetradite sightfulness,end-user,2023-07-21 00:00:00,2,1.85
7631,keyword,hosiomartyr,db-user,2024-01-02 00:00:00,21,2.44
8009,hybrid,criey taperly,api-user,2022-04-08 00:00:00,23,2.71
6818,keyword,coadministration exhauster albuminize,end-user,2024-02-19 00:00:00,27,2.84
9883,keyword,polymicrobial optive acutangular,end-user,2022-08-03 00:00:00,10,2.7
9598,keyword,hemiprismatic,end-user,2024-03-14 00:00:00,27,1.51
2035,keyword,Acinetaria cheesemonger,api-user,2022-07-08 00:00:00,6,1.47
4819,keyword,marmite mutoscope separativeness prolificity,db-user,2023-09-04 00:00:00,29,3.7
2322,hybrid,bathymeter Umatilla fancysick,api-user,2023-10-28 00:00:00,15,2.72
9413,keyword,thermolyze microdiactine deviative,end-user,2023-08-23 00:00:00,18,1.77
7474,keyword,intrepidness intramuscular phonocamptic,api-user,2024-07-27 00:00:00,4,2.55
2941,keyword,sportless natuary,db-user,2022-10-05 00:00:00,10,0.68
2483,keyword,precollude,end-user,2023-10-14 00:00:00,6,2.08
3524,keyword,tauted Vedaic iodation staverwort,api-user,2023-05-11 00:00:00,10,2.96
2795,keyword,panorpian packhouse,end-user,2022-09-21 00:00:00,19,3.75
4340,hybrid,moontide treatableness lovesome,admin,2022-08-28 00:00:00,27,0.91
9950,keyword,redisbursement,admin,2022-09-05 00:00:00,2,4.0
5663,keyword,fent proglottis camerlingo beefy,admin,2024-06-16 00:00:00,23,0.92
9459,hybrid,reitemize beamy connexity sensorimuscular,api-user,2024-08-22 00:00:00,19,3.35
5778,keyword,suffusedly lagarto rationality apprehender,db-user,2024-12-02 00:00:00,18,2.92
9705,keyword,trophoneurotic unrequested,end-user,2024-10-28 00:00:00,11,3.13
4717,keyword,infortunate superrenal fireable cirrus,admin,2022-01-14 00:00:00,23,4.96
2107,hybrid,moneylending nanga amphipneustic protege,db-user,2023-09-18 00:00:00,15,3.41
4820,keyword,covite cholesteryl skylarker,api-user,2023-01-18 00:00:00,21,1.96
2997,hybrid,beastship octoradiate dolefuls Sambathe,admin,2023-07-05 00:00:00,29,3.81
5774,hybrid,undeliverable apterium recreative,admin,2024-11-21 00:00:00,29,2.45
2425,keyword,dogedom chironomy ovuligerous,db-user,2024-06-27 00:00:00,23,0.53
5601,hybrid,aproctia primulaverin polypiferous Menopoma,end-user,2023-12-21 00:00:00,12,3.07
4751,keyword,epistapedial,end-user,2022-05-24 00:00:00,3,2.24
1512,hybrid,frontlessness,admin,2023-08-29 00:00:00,16,3.59
6445,keyword,rachidial nonsymbolic byhand,db-user,2024-09-18 00:00:00,10,4.73
4991,hybrid,urushiye uncanonicalness enchantingness,db-user,2022-06-20 00:00:00,9,2.71
1019,keyword,bedcase choruser,admin,2024-03-14 00:00:00,10,4.72
1771,hybrid,darting brazenfacedly,admin,2022-12-30 00:00:00,9,3.28
1459,keyword,Donatist reviling jaggedly Edo,db-user,2024-09-05 00:00:00,26,3.55
4991,hybrid,overbold unreproved suspensorium conventionalism,end-user,2022-08-21 00:00:00,27,0.94
2629,hybrid,inflative,end-user,2023-01-31 00:00:00,27,1.7
9484,keyword,skun,end-user,2023-05-09 00:00:00,4,0.72
9970,keyword,unmarried phaenogamic jangly,admin,2023-10-14 00:00:00,5,4.34
4387,hybrid,diminutively,api-user,2022-09-07 00:00:00,18,4.55
6682,keyword,balao stolae,admin,2024-06-02 00:00:00,25,4.58
2643,hybrid,tricosanone unfervid Scolecida,db-user,2024-03-28 00:00:00,16,2.73
8248,hybrid,idyl calligraph,admin,2023-09-11 00:00:00,27,4.57
8372,keyword,bonnyclabber chakobu,db-user,2024-05-09 00:00:00,3,3.76
9068,hybrid,hurriedness minitant,end-user,2023-04-14 00:00:00,22,1.35
5296,hybrid,reharvest counteractively Acanthodini,admin,2023-08-29 00:00:00,14,1.26
4187,hybrid,overinsistence nither daunt,db-user,2022-12-21 00:00:00,18,3.49
6370,keyword,limelighter malkin kaleidoscope,end-user,2022-05-29 00:00:00,24,4.32
9981,keyword,diamicton turgid pentoxide dispensability,db-user,2022-05-27 00:00:00,26,1.99
7712,hybrid,chaetiferous antimalarial palaeographical,admin,2024-09-02 00:00:00,2,1.47
7203,keyword,proscientific deafness,admin,2023-05-15 00:00:00,10,4.43
2348,hybrid,rougemontite etesian unctioneer,api-user,2024-10-18 00:00:00,19,4.89
4561,keyword,subserous aprickle,end-user,2023-02-25 00:00:00,5,4.6
5245,hybrid,Fedia ropily refulgence electrothermometer,db-user,2022-02-08 00:00:00,26,0.89
4201,hybrid,epiphloedal brewing,api-user,2023-10-18 00:00:00,24,2.33
4266,keyword,unvarnishedly porous,end-user,2022-08-29 00:00:00,8,0.97
7285,hybrid,gulosity madreporite bejant,admin,2024-01-17 00:00:00,23,2.47
1904,keyword,fitfully lowness,admin,2022-10-21 00:00:00,8,1.12
8251,hybrid,porter notodontid,api-user,2023-09-18 00:00:00,1,1.84
1202,hybrid,keynoter undoubtableness,end-user,2022-05-15 00:00:00,13,3.54
8724,hybrid,trachealgia novelistic,end-user,2024-10-31 00:00:00,21,4.23
5791,hybrid,quadricovariant,admin,2024-03-02 00:00:00,29,1.82
5472,hybrid,corrigibleness palaeothere,admin,2022-01-14 00:00:00,26,1.02
3176,hybrid,overforce upcurve clinoprism,api-user,2024-03-05 00:00:00,22,4.77
2417,hybrid,metapterygoid heterogametic recancel aortorrhaphy,api-user,2024-08-25 00:00:00,21,4.56
4945,keyword,acatharsia workout unembodied,admin,2023-05-15 00:00:00,20,2.54
8884,keyword,Dodecanesian chondrodynia,end-user,2023-11-03 00:00:00,5,4.52
2420,keyword,Phantasmist,admin,2023-08-11 00:00:00,17,2.51
6802,keyword,Oriental broadway edeology,end-user,2023-07-31 00:00:00,1,1.58
4956,hybrid,Ovula,db-user,2023-03-07 00:00:00,29,3.89
3629,hybrid,preworthily buttonmold,admin,2024-08-02 00:00:00,20,4.46
4843,hybrid,braided mescal cerebromedullary,db-user,2024-01-05 00:00:00,4,4.37
4212,hybrid,trussmaker,api-user,2023-02-03 00:00:00,26,4.56
3956,hybrid,preconscious idolist Cytherella,api-user,2023-06-03 00:00:00,23,3.08
6663,keyword,Psilophyton Clinton spireward,db-user,2024-05-17 00:00:00,13,2.56
1535,keyword,adiadochokinesis misfortunate,db-user,2024-12-30 00:00:00,25,2.96
9484,keyword,fluible Clio,admin,2022-04-13 00:00:00,5,2.84
1959,keyword,megascopically monticellite,end-user,2024-07-31 00:00:00,27,2.89
3615,keyword,blondeness Gahrwali peregrine,admin,2022-06-24 00:00:00,5,2.73
5543,keyword,Dictaen theorematic,admin,2023-03-30 00:00:00,1,3.76
2977,hybrid,bauckie apportionment,end-user,2024-11-04 00:00:00,2,1.07
4045,keyword,terebinthinous,db-user,2023-08-29 00:00:00,20,3.44
3829,keyword,Tao chiropterophilous parole,db-user,2023-05-18 00:00:00,21,2.29
8669,keyword,freehandedly ungroundedness drawable antiunionist,api-user,2023-04-12 00:00:00,23,4.23
5650,keyword,Turtan balloonfish solicitationism,end-user,2024-07-23 00:00:00,25,2.4
9973,keyword,saltimbankery Rhipidistia twichild bocedization,db-user,2024-02-20 00:00:00,9,1.3
2106,hybrid,himward Osteolepidae aswing nontenant,db-user,2023-03-09 00:00:00,24,3.13
8050,keyword,folliculin,admin,2023-02-22 00:00:00,24,4.97
9586,hybrid,zymologist outbond,admin,2022-12-27 00:00:00,11,2.69
7358,keyword,telegraph liberty,admin,2024-11-25 00:00:00,27,3.5
7591,hybrid,intercorporate havenward unembased,db-user,2024-04-06 00:00:00,7,1.1
6528,hybrid,hatherlite arraignment,api-user,2024-06-26 00:00:00,11,2.03
6676,keyword,Haikh alienize reconcealment,db-user,2022-06-07 00:00:00,28,4.87
2157,keyword,jarkman,api-user,2022-09-30 00:00:00,10,4.44
6914,keyword,Erian,end-user,2024-06-18 00:00:00,1,1.14
3240,hybrid,protogynous temporizing cathodal boatload,admin,2022-11-13 00:00:00,6,3.76
3208,keyword,moudie lazuli,end-user,2024-01-08 00:00:00,7,2.44
7055,keyword,ecstatically ironflower handlaid Spartanically,api-user,2022-08-02 00:00:00,9,1.34
7319,keyword,diploperistomic repandous fructiferously,end-user,2023-06-26 00:00:00,23,4.63
7210,keyword,myomorph nonliberation lowering favosely,api-user,2023-08-03 00:00:00,7,3.52
3314,keyword,hemibathybian humeri Antoinette evovae,end-user,2024-07-28 00:00:00,13,1.87
4411,hybrid,monetize,api-user,2023-10-27 00:00:00,19,1.47
6464,hybrid,louseberry noncursive Myxosporidiida palaeotheriodont,api-user,2024-12-31 00:00:00,25,0.99
2366,keyword,discolorate,admin,2023-11-05 00:00:00,13,3.3
9770,keyword,sanctifier,end-user,2024-10-07 00:00:00,17,3.18
4966,hybrid,syconid heriot ungilded crumpy,db-user,2022-11-20 00:00:00,6,2.77
4677,hybrid,atmocautery,api-user,2024-03-15 00:00:00,4,3.75
8512,keyword,dicotylous heirdom,end-user,2023-02-25 00:00:00,16,2.1
6339,hybrid,infatuatedly,api-user,2022-04-06 00:00:00,22,4.21
5487,keyword,soricine Nicenist unsavoredly spiteful,end-user,2023-12-15 00:00:00,14,3.07
6241,keyword,unblushing,api-user,2022-06-19 00:00:00,16,1.71
4142,hybrid,former resquare afterlife overnumerous,admin,2024-11-16 00:00:00,25,2.0
9486,keyword,candleshrift Graphophone,end-user,2022-08-28 00:00:00,10,2.88
1708,keyword,personage muirfowl mediolateral amylocoagulase,api-user,2023-01-22 00:00:00,5,2.57
8236,keyword,prefertilization undoubtableness predisclose,admin,2024-07-09 00:00:00,29,1.63
8939,keyword,malaxation premedian fustigate,admin,2022-10-12 00:00:00,18,2.68
7736,hybrid,unitism cephaloplegia topolatry foliaceousness,api-user,2024-04-27 00:00:00,23,2.94
1000,hybrid,dermad,api-user,2023-08-29 00:00:00,11,2.7
3783,keyword,Tetrastichus Johan winelike preadditional,admin,2023-01-22 00:00:00,21,4.65
8897,keyword,secretin,admin,2023-05-07 00:00:00,24,3.1
8451,keyword,tongue where Carcharias untinkered,end-user,2023-08-28 00:00:00,10,4.99
6586,hybrid,laneway territorialization,api-user,2024-09-16 00:00:00,15,2.27
2362,keyword,nondesulphurized unseparated,end-user,2023-05-20 00:00:00,17,2.29
4612,hybrid,instantaneous,api-user,2023-03-11 00:00:00,10,4.76
7487,keyword,cascalho Scythize Bonny multiliteral,api-user,2023-01-05 00:00:00,9,1.62
1136,hybrid,poly entapophysial,admin,2023-12-28 00:00:00,8,3.15
5881,keyword,fascicule pseudepigraphous Sinification,api-user,2023-04-16 00:00:00,4,4.64
1528,keyword,weakishness deconcatenate,api-user,2023-12-16 00:00:00,2,4.08
7104,hybrid,awkwardish,end-user,2022-03-31 00:00:00,14,3.34
5240,keyword,philology dalmatic salmonet,admin,2022-06-16 00:00:00,7,2.4
3657,keyword,phosphammonium workwomanly Byronize,end-user,2022-03-26 00:00:00,29,2.81
2974,hybrid,solen assurer,db-user,2023-01-09 00:00:00,20,2.76
4781,keyword,bumpkinly deadpan unpruned hething,api-user,2024-02-04 00:00:00,27,3.8
2420,hybrid,unconnectedness,admin,2024-07-16 00:00:00,29,4.57
4679,hybrid,chende Lagerstroemia,end-user,2023-07-03 00:00:00,18,4.04
8707,hybrid,Tobiah shipside,db-user,2024-03-24 00:00:00,13,1.62
2770,hybrid,thence unvenom bathflower,db-user,2022-09-21 00:00:00,16,3.41
2501,hybrid,panococo intertone Molossidae,db-user,2022-05-19 00:00:00,8,0.53
8524,keyword,graniteware,end-user,2022-01-27 00:00:00,28,3.73
8077,hybrid,crop,admin,2024-02-25 00:00:00,4,3.55
5307,hybrid,humiliating genealogically comprehensiveness paraffiner,api-user,2024-05-28 00:00:00,14,1.31
5447,keyword,barnstorm chawbacon carmalum,end-user,2023-11-27 00:00:00,22,3.29
7636,hybrid,mitsumata financier underreamer bottleneck,end-user,2022-08-24 00:00:00,4,4.97
8104,keyword,meniscal calcify idiomelon ballium,api-user,2024-03-30 00:00:00,25,4.85
5135,hybrid,finicism hypertrophic,admin,2022-05-04 00:00:00,19,3.37
2431,hybrid,vaporograph,admin,2023-11-17 00:00:00,20,4.7
4186,hybrid,whenness hypomochlion scandal,end-user,2022-01-23 00:00:00,1,1.79
6763,keyword,jurisdictionally somesthetic smoothable,db-user,2022-05-17 00:00:00,19,2.7
1540,hybrid,marbleize enanthem hydrodynamics,end-user,2023-11-14 00:00:00,17,2.03
9649,keyword,aught aeroscope aa,admin,2024-04-02 00:00:00,5,3.87
9773,keyword,usefulness paraluminite inattackable unallied,admin,2022-07-01 00:00:00,13,4.95
4718,hybrid,cacorrhinia escarbuncle aminopurine,admin,2024-03-15 00:00:00,15,3.58
2754,hybrid,Zuluize parge citification,db-user,2022-12-17 00:00:00,4,2.94
9854,hybrid,crannog quadricrescentoid,end-user,2024-08-16 00:00:00,19,0.56
8381,hybrid,geobotanist pardon,admin,2022-06-10 00:00:00,1,3.04
4763,keyword,unsanctionable invector jocularity,end-user,2023-05-27 00:00:00,13,1.73
7630,hybrid,Sodomist wick audit,end-user,2022-05-30 00:00:00,27,3.8
5334,keyword,tyg skoptsy unlistening,db-user,2023-03-29 00:00:00,16,1.53
6876,keyword,Turnerian Grecian reapply,api-user,2022-03-03 00:00:00,2,2.95
9237,hybrid,destructional orthodiazine,end-user,2024-01-27 00:00:00,5,3.33
4735,hybrid,copolymerization dar Hezronites emanationism,api-user,2023-05-08 00:00:00,6,4.77
7276,keyword,schoolbookish gravelstone increasedly,end-user,2023-01-04 00:00:00,2,3.94
2496,hybrid,precorrectness vulgarness instrumentally quinquevalency,admin,2024-04-08 00:00:00,12,0.82
7392,keyword,cocullo,admin,2024-10-08 00:00:00,5,1.03
7593,hybrid,nonreviewable aggrate oxreim,end-user,2022-08-24 00:00:00,23,1.83
4558,hybrid,capaciousness supercivilized,api-user,2023-02-06 00:00:00,11,1.49
2808,keyword,catalexis sialemesis smirk supereternity,end-user,2022-09-08 00:00:00,1,3.1
1760,hybrid,savorless alloxanic,end-user,2024-07-29 00:00:00,7,2.27
1447,hybrid,unnecessariness,end-user,2022-06-10 00:00:00,29,4.02
4445,hybrid,rhinocele,api-user,2022-04-20 00:00:00,8,4.51
3478,hybrid,interrenalism,api-user,2024-01-20 00:00:00,27,4.64
4598,keyword,theatry beglamour,db-user,2022-01-01 00:00:00,15,4.43
8961,keyword,orcin ding waterworm,db-user,2023-07-10 00:00:00,12,1.36
8686,keyword,deadheartedly laciniolate arillodium korari,api-user,2023-01-11 00:00:00,1,2.45
7421,keyword,untender Hedeoma fomentation,api-user,2022-08-15 00:00:00,8,4.92
5298,keyword,tiremaid undecorative scopiform linguadental,db-user,2023-07-08 00:00:00,17,1.91
7781,hybrid,abilla unpayably yeoman kelper,admin,2024-09-16 00:00:00,4,2.4
7115,keyword,rhymewise antiprism elementalism,end-user,2023-06-25 00:00:00,18,1.44
8622,hybrid,totemization Halicoridae hausse manubrium,admin,2022-12-05 00:00:00,9,1.02
5306,hybrid,referribleness stoothing asperous,admin,2023-04-10 00:00:00,24,1.23
2046,hybrid,Addie Vietnamese,end-user,2024-07-19 00:00:00,28,3.43
4023,keyword,heterophyte cablegram,admin,2023-01-02 00:00:00,14,4.04
8290,keyword,melanocerite unduchess,api-user,2024-11-20 00:00:00,5,1.96
6655,keyword,kikuel phimosis,db-user,2022-03-24 00:00:00,12,1.92
9209,hybrid,uncurl,db-user,2023-05-05 00:00:00,7,2.75
1044,keyword,abator unsoarable lo,api-user,2023-08-13 00:00:00,1,1.58
6424,hybrid,counterexcitement fervescent predeserve,admin,2023-08-17 00:00:00,2,0.51
9867,keyword,poulp,end-user,2022-11-17 00:00:00,19,3.41
5105,hybrid,dwayberry disinherison myriacanthous,end-user,2022-03-31 00:00:00,27,0.92
7244,keyword,unapproved schemery mum,admin,2023-04-10 00:00:00,11,4.27
8319,hybrid,saprophilous sandwich,db-user,2024-04-25 00:00:00,15,2.39
5806,hybrid,unsensitive,db-user,2023-01-22 00:00:00,19,1.47
7267,keyword,equitably,admin,2023-04-17 00:00:00,19,0.69
6003,keyword,bargeer misrehearsal pedipulate,end-user,2024-09-18 00:00:00,16,0.91
3428,hybrid,steeplechase psychorhythmical hyperotretous,db-user,2022-02-11 00:00:00,28,4.06
3303,hybrid,Tillamook,end-user,2023-03-11 00:00:00,20,1.05
9941,keyword,coursed badious adumbral,db-user,2022-10-01 00:00:00,26,3.24
5718,keyword,bephilter Livistona,db-user,2024-12-06 00:00:00,1,2.43
5365,keyword,handkercher miniature semisimple heelplate,api-user,2023-03-29 00:00:00,19,1.58
5894,hybrid,peri gripman urostegal,db-user,2023-07-23 00:00:00,19,4.04
3685,hybrid,quaver Merope untraversable,db-user,2022-07-10 00:00:00,28,3.31
2034,hybrid,stylistically gluemaking,api-user,2024-07-27 00:00:00,1,2.38
4988,keyword,rotatory sinuous Eskimauan graphitize,api-user,2024-08-17 00:00:00,21,1.84
4628,hybrid,breezy importunately,admin,2022-07-01 00:00:00,14,2.05
9431,hybrid,sallier,api-user,2022-06-30 00:00:00,6,4.61
7566,keyword,Costata,end-user,2022-08-29 00:00:00,15,1.58
2665,hybrid,cubicity,admin,2023-02-02 00:00:00,4,0.58
1530,hybrid,penetrative ameloblast abaisance,db-user,2022-01-13 00:00:00,8,4.91
8278,keyword,misappropriation,db-user,2023-06-01 00:00:00,22,1.76
6237,keyword,mushroom Townsendite,admin,2024-02-27 00:00:00,12,3.84
8937,keyword,refling xenophile bottomchrome,end-user,2022-04-15 00:00:00,5,1.81
4820,hybrid,schistic geniculate ungladden waspling,db-user,2024-03-19 00:00:00,5,1.22
4121,keyword,disregardable,api-user,2022-08-26 00:00:00,16,3.54
5650,keyword,milliammeter concubinal penalization helminthite,admin,2022-11-25 00:00:00,26,1.72
2695,hybrid,kerslam snailfish redweed ossiferous,db-user,2024-06-02 00:00:00,3,4.53
3000,hybrid,dollardee geodynamical agrestial,admin,2023-02-12 00:00:00,8,2.73
7869,hybrid,cherte,end-user,2023-10-19 00:00:00,25,3.48
7640,hybrid,unnative otherest prefavor,end-user,2023-07-08 00:00:00,25,4.71
6503,hybrid,vasoconstricting Maquiritare,admin,2024-07-25 00:00:00,15,4.91
3720,hybrid,reiter barrelhead monoline,admin,2023-02-04 00:00:00,29,4.53
6599,hybrid,emolument eyebar,db-user,2023-11-01 00:00:00,15,3.75
9835,hybrid,Turcian birdikin hesychastic,db-user,2024-07-01 00:00:00,26,4.08
1017,hybrid,unregenerate transbay dentil,db-user,2023-12-26 00:00:00,5,3.58
7177,hybrid,unchangeableness unbloodily,db-user,2022-11-14 00:00:00,1,1.64
3184,keyword,afterage,api-user,2023-11-30 00:00:00,21,3.7
3477,hybrid,Arthropomata,end-user,2024-07-31 00:00:00,17,4.11
1769,hybrid,antirationalist unsecuredly,admin,2024-12-23 00:00:00,12,3.34
7302,hybrid,maundy fertility unfeasable,end-user,2024-11-21 00:00:00,10,1.09
6082,keyword,catsup gammoner overbreed cognomen,db-user,2024-11-06 00:00:00,24,4.1
4298,keyword,remanency,admin,2023-03-02 00:00:00,20,3.54
6374,keyword,quitted spatterproof cystonephrosis Tabasco,admin,2024-03-13 00:00:00,25,4.85
3673,hybrid,berkovets extraprovincial sitting,end-user,2024-11-05 00:00:00,5,3.29
9937,keyword,calamine lechriodont pyroxanthin,db-user,2023-03-11 00:00:00,25,4.43
3226,hybrid,warehoused rethrow,api-user,2023-04-07 00:00:00,19,3.9
3736,keyword,dictature supercabinet expatiative,admin,2022-12-06 00:00:00,6,2.21
9911,hybrid,trug,db-user,2024-05-30 00:00:00,1,4.1
2574,hybrid,slavocrat,db-user,2024-05-03 00:00:00,2,4.98
3165,hybrid,Leguminosae,end-user,2023-08-15 00:00:00,11,0.65
9073,keyword,anthropophagy,db-user,2023-06-04 00:00:00,24,0.74
9385,keyword,Celticist brazilein,api-user,2023-05-30 00:00:00,6,2.9
5457,hybrid,amazedness japan scarification cirriferous,db-user,2024-12-16 00:00:00,20,2.47
7409,hybrid,hussyness elevational severy,admin,2023-02-12 00:00:00,17,1.35
4272,hybrid,fluoborid Crenothrix osteodynia pterylosis,end-user,2023-09-17 00:00:00,3,4.36
7967,keyword,ophioglossaceous pyrophile dentimeter Sinopic,end-user,2023-01-10 00:00:00,23,1.5
6283,keyword,huskily achymous marquisal,end-user,2022-07-28 00:00:00,21,4.04
6364,keyword,resolvable,api-user,2023-04-29 00:00:00,19,2.25
7177,hybrid,physicochemic,db-user,2022-11-28 00:00:00,28,2.41
1683,keyword,bodiced limacon malapplication backsettler,admin,2024-08-10 00:00:00,24,1.52
7285,hybrid,pepperidge irregular thiamide,db-user,2023-09-18 00:00:00,29,0.77
1534,hybrid,frump amyloid,admin,2023-08-25 00:00:00,1,1.21
6493,keyword,placodermatous yallow phenoquinone,end-user,2022-03-10 00:00:00,24,2.61
6332,hybrid,myodynamics,end-user,2024-05-09 00:00:00,24,4.45
3161,keyword,pneumohydropericardium,end-user,2024-09-21 00:00:00,2,2.39
1404,hybrid,educational sweepback desaurin,api-user,2023-06-05 00:00:00,20,0.6
4892,hybrid,hunkies,admin,2024-12-11 00:00:00,12,4.99
9079,hybrid,yeomanwise tribofluorescent,end-user,2022-02-16 00:00:00,29,3.7
6030,hybrid,ceibo vetch,admin,2024-08-18 00:00:00,26,4.61
4291,hybrid,suck cubitocarpal Pezizales,admin,2024-12-02 00:00:00,7,2.13
4589,keyword,Hezron unliveliness Covarecas,end-user,2022-05-27 00:00:00,5,2.03
9295,hybrid,twentyfold impolitic Occidentalist aphidicide,db-user,2023-10-19 00:00:00,27,2.55
2268,keyword,trigly croupier godlikeness malaxate,api-user,2023-12-21 00:00:00,2,3.62
3071,keyword,endometritis tead,admin,2022-12-13 00:00:00,1,2.62
7126,hybrid,umbellately gantlet,api-user,2022-05-11 00:00:00,15,4.09
8136,keyword,childward,end-user,2022-12-14 00:00:00,17,1.9
1709,hybrid,nonsane,db-user,2022-08-30 00:00:00,15,1.45
5998,keyword,spickle,admin,2023-06-07 00:00:00,22,4.5
2819,keyword,Ehretia,api-user,2024-10-01 00:00:00,17,1.27
9230,keyword,wafermaker endosarcous,end-user,2022-03-27 00:00:00,14,2.72
7261,keyword,phthongometer,db-user,2024-08-19 00:00:00,15,4.76
5096,keyword,aquaria galeproof equatable,api-user,2024-09-04 00:00:00,19,0.69
3589,keyword,nonsmutting rakeful,db-user,2022-10-16 00:00:00,5,2.87
6032,hybrid,unexpressiveness gignitive Nambe hydroscopic,admin,2023-11-22 00:00:00,7,0.76
8561,hybrid,rorqual prelingual passout,end-user,2024-04-19 00:00:00,21,0.63
4685,hybrid,nonnautical,end-user,2022-11-01 00:00:00,24,1.22
5336,keyword,brachelytrous Areopagite,api-user,2024-05-02 00:00:00,11,2.48
2917,hybrid,turbellariform,api-user,2023-07-09 00:00:00,1,3.42
3168,keyword,Sassanid soundheartednes Callorhynchus,end-user,2022-12-31 00:00:00,12,0.65
5670,keyword,dictyotaceous,end-user,2022-12-03 00:00:00,1,4.32
5990,hybrid,smarmy Mirfak huffishly,end-user,2024-03-17 00:00:00,7,3.68
8969,hybrid,stack triglot,end-user,2023-10-19 00:00:00,3,2.96
4298,hybrid,autosomal,api-user,2023-10-26 00:00:00,15,2.19
5358,hybrid,unarithmetically smudger entrainer,api-user,2023-01-13 00:00:00,11,4.83
4015,hybrid,discolichen,api-user,2023-01-21 00:00:00,16,1.82
2166,hybrid,duffer embezzle reprohibit asininity,db-user,2022-08-02 00:00:00,24,2.57
2967,hybrid,Benjamin offgrade presufficient,db-user,2023-12-30 00:00:00,28,1.12
8151,hybrid,humectant Tricia coalbag histoid,db-user,2023-02-21 00:00:00,19,4.31
8923,hybrid,nontransportation,admin,2024-12-12 00:00:00,12,4.29
3205,hybrid,Phocodontia strobili blessingly sectoral,db-user,2024-12-26 00:00:00,21,2.35
2921,hybrid,Scottishly naid zechin beetler,admin,2022-05-09 00:00:00,12,4.99
4951,keyword,citer,end-user,2022-07-06 00:00:00,10,4.39
6612,hybrid,Achaeta justifiability diclinism,end-user,2023-07-22 00:00:00,6,3.36
7060,keyword,contracter misocapnist,admin,2023-06-14 00:00:00,12,4.59
1735,keyword,anility overscrupulous,admin,2023-11-07 00:00:00,6,3.77
3611,keyword,methodologist Sybarite,end-user,2024-07-28 00:00:00,16,4.45
5180,hybrid,extrauterine deluster conspiration unserenaded,db-user,2024-11-09 00:00:00,25,3.15
2013,hybrid,pinbefore masterhood,api-user,2022-05-31 00:00:00,19,4.24
7454,hybrid,sheikhly mimeograph pseudotracheal aminolipin,db-user,2022-07-16 00:00:00,17,1.82
7645,keyword,Gothicism rewardably Jeanne,end-user,2024-08-28 00:00:00,4,2.14
2903,hybrid,reportorially entomophthorous,db-user,2022-06-09 00:00:00,1,1.21
5317,hybrid,end tsuba curple autoradiography,end-user,2024-06-14 00:00:00,5,4.07
6652,hybrid,pentachromic,api-user,2024-03-08 00:00:00,8,1.67
7925,hybrid,whillaballoo rockingly,admin,2024-03-02 00:00:00,2,1.39
3961,keyword,perradial Hirudo,api-user,2022-10-04 00:00:00,19,2.57
9109,hybrid,Vienna windle,admin,2024-08-23 00:00:00,17,3.55
5257,keyword,unpaving flingy suprapedal Merodach,db-user,2022-03-02 00:00:00,10,3.14
5108,hybrid,unweariedly skunkbush colonialist pasan,admin,2023-05-04 00:00:00,23,3.84
5678,keyword,kapa,admin,2023-04-01 00:00:00,14,4.15
5203,hybrid,electromotive impignorate,api-user,2024-04-23 00:00:00,27,1.33
4184,keyword,tombic,end-user,2024-05-04 00:00:00,28,4.26
6784,hybrid,parachromatophorous,api-user,2024-02-09 00:00:00,12,2.57
2182,hybrid,divisionistic tricolette respirator nonuple,db-user,2022-06-14 00:00:00,22,2.38
4164,keyword,inculcate kannume,api-user,2024-06-25 00:00:00,25,0.94
5265,hybrid,pegmatite,db-user,2022-06-23 00:00:00,4,2.55
7361,hybrid,shock,end-user,2023-11-16 00:00:00,1,3.22
4909,keyword,farmership detonate colophonist,api-user,2023-01-17 00:00:00,20,0.6
4612,hybrid,phalangerine analyzation,api-user,2022-04-03 00:00:00,23,4.6
1942,hybrid,prehandle tanjong kashga,db-user,2024-12-15 00:00:00,14,1.49
1691,hybrid,thrangity pentrit mandruka sipunculoid,api-user,2023-10-09 00:00:00,6,2.85
2785,keyword,Maelstrom funiculus motorcade,admin,2023-12-03 00:00:00,6,3.63
9526,keyword,commonalty,end-user,2024-09-10 00:00:00,9,1.93
7649,keyword,distractively Xylonite,api-user,2022-05-08 00:00:00,4,1.25
4912,keyword,wamara procondemnation acousmata gyneolatry,end-user,2023-05-30 00:00:00,22,1.94
4044,keyword,bacteriopathology gilravager Celia thokish,api-user,2024-02-07 00:00:00,27,0.84
5287,keyword,osteoepiphysis plumulose humite,api-user,2024-09-30 00:00:00,19,1.79
1374,keyword,timocratic spoonless hexastichous,db-user,2022-06-09 00:00:00,14,3.03
4030,hybrid,intercessional,db-user,2023-03-04 00:00:00,25,0.62
4091,keyword,underfreight safekeeping ureterostomy,api-user,2022-04-26 00:00:00,5,3.13
7187,hybrid,dodgeful fitters asleep vacatable,db-user,2024-12-25 00:00:00,21,4.03
8655,keyword,pessimistically madhouse,admin,2023-01-02 00:00:00,4,3.81
1570,hybrid,spermathecal stonewood,db-user,2023-09-26 00:00:00,26,4.84
6529,hybrid,frit echinital,api-user,2024-01-03 00:00:00,15,3.66
6303,hybrid,tapetless hyperparoxysm,api-user,2022-01-14 00:00:00,15,2.06
3792,keyword,luminal,end-user,2023-11-25 00:00:00,20,4.1
1839,keyword,echinital palaeodictyopteron seasoning lampblack,admin,2022-05-23 00:00:00,25,3.29
4572,keyword,Coscinodiscaceae,db-user,2024-01-04 00:00:00,1,3.78
2466,hybrid,pinpillow squatter,end-user,2023-01-20 00:00:00,4,2.49
9921,hybrid,presupposal,end-user,2023-12-13 00:00:00,27,4.55
7606,keyword,Trimeresurus armorwise diaphaneity fused,db-user,2023-10-17 00:00:00,4,1.63
3295,keyword,inspissator scrog,db-user,2022-08-15 00:00:00,10,2.53
1692,hybrid,pseudoanatomical,db-user,2022-01-26 00:00:00,20,1.9
9494,hybrid,wuzzle trapezium,db-user,2024-01-31 00:00:00,27,1.15
4666,keyword,costmary ultrarapid,admin,2024-07-30 00:00:00,9,4.9
6639,keyword,slut circulant,api-user,2024-07-19 00:00:00,28,1.96
1990,hybrid,heatlike autopsical Blepharoceridae,end-user,2022-12-07 00:00:00,18,1.21
2668,hybrid,pogromist barnstormer,end-user,2023-12-29 00:00:00,19,0.56
4408,keyword,funiculitis,end-user,2022-11-01 00:00:00,15,4.1
6631,hybrid,laggardly calyptro habnab,admin,2024-10-05 00:00:00,5,4.39
4044,hybrid,unstill staphylinid incorruptly pleroma,admin,2024-06-25 00:00:00,11,2.41
4438,keyword,tittery Ciconiidae crooningly,admin,2022-10-19 00:00:00,10,2.1
5028,hybrid,apothegmatist beadlehood wranglesome,admin,2023-12-29 00:00:00,17,2.69
7611,hybrid,heckler macradenous proapostolic mythogenesis,end-user,2024-05-18 00:00:00,27,0.67
4804,keyword,nonconcurrency,api-user,2024-09-01 00:00:00,22,3.67
3083,keyword,sad enhusk,end-user,2022-09-13 00:00:00,17,0.6
4000,hybrid,sorrowless,admin,2022-11-24 00:00:00,16,4.16
4102,keyword,chlorhydrate,end-user,2023-01-27 00:00:00,22,3.79
1302,keyword,wowserian chrysophanic declivity doggedly,admin,2023-01-22 00:00:00,14,3.49
3476,keyword,henotheistic,api-user,2024-02-02 00:00:00,13,3.12
5448,keyword,uninstructive,end-user,2024-05-11 00:00:00,28,2.28
7654,keyword,impercipient cosmetology,end-user,2023-04-22 00:00:00,4,1.69
5548,keyword,Opisthoglossa housecraft paquet alcoholemia,end-user,2023-01-08 00:00:00,20,2.03
7122,hybrid,scribism preillustrate hexanitrodiphenylamine ichthyornithoid,admin,2024-02-06 00:00:00,17,3.46
1840,keyword,enjeopard,end-user,2022-06-11 00:00:00,17,4.48
3832,keyword,outeat antechamber doctrinarian staminode,db-user,2023-01-22 00:00:00,10,2.04
7694,keyword,oxyneurine sopping dehusk social,api-user,2023-11-20 00:00:00,25,2.36
8880,hybrid,venatory militiate reprehensibly,db-user,2022-05-19 00:00:00,11,4.8
5329,keyword,imbiber panthelematism huddledom sextans,end-user,2022-02-18 00:00:00,10,2.16
8768,keyword,bistephanic,api-user,2023-03-02 00:00:00,21,3.75
6238,hybrid,springingly,admin,2024-01-05 00:00:00,7,0.7
8856,hybrid,papillosarcoma leucocytotherapy,end-user,2023-03-16 00:00:00,7,4.44
2034,keyword,fingering ungracefulness recrystallization,admin,2024-10-17 00:00:00,13,4.28
4008,keyword,shram tritor ambay resentience,end-user,2024-07-28 00:00:00,11,1.63
7917,keyword,velours rapturize discodactyl necromantically,db-user,2024-06-05 00:00:00,5,4.56
1417,hybrid,Anthericum lurchingfully unfabled Tapirus,db-user,2023-08-17 00:00:00,5,4.98
6816,hybrid,averruncate amphicyrtous outline,db-user,2022-02-22 00:00:00,23,2.94
6643,hybrid,snuffless,db-user,2024-06-29 00:00:00,21,0.98
9957,hybrid,Oscines,admin,2022-10-04 00:00:00,24,4.13
9650,keyword,pneumonoconiosis fishling overindulgence,db-user,2023-03-02 00:00:00,17,3.4
6901,hybrid,Voltairish megatherian crypta,db-user,2024-02-23 00:00:00,15,1.36
3076,hybrid,supplemental xylonitrile contrast till,api-user,2024-03-10 00:00:00,14,4.23
3464,keyword,Bootes insuppressive conjobble,end-user,2024-11-25 00:00:00,16,4.64
2192,keyword,antiphilosophic,admin,2023-06-29 00:00:00,5,4.1
2296,keyword,emancipationist unremembered meddlingly timepiece,admin,2023-04-14 00:00:00,8,4.53
2249,hybrid,pseudopoetical superalbuminosis Porteno disinvigorate,db-user,2023-06-15 00:00:00,1,3.97
7967,keyword,anaerobiotic Khotan,api-user,2023-12-16 00:00:00,27,1.06
6907,keyword,coexclusive fitted chaetosema Scleropages,end-user,2024-02-19 00:00:00,4,4.28
4595,keyword,whereinto,api-user,2023-08-15 00:00:00,16,1.73
9024,hybrid,Montia sextumvirate unhide,end-user,2023-07-29 00:00:00,22,3.11
4029,keyword,roentgenoscopy,end-user,2024-02-04 00:00:00,16,2.24
3654,hybrid,adenopathy pestilent chirogymnast,end-user,2023-12-14 00:00:00,4,3.8
5701,keyword,superinduce nonreturn fantasied,api-user,2023-07-19 00:00:00,2,4.22
4688,keyword,Tionontates doubling attenuation Rainer,end-user,2024-11-06 00:00:00,6,1.71
4028,hybrid,galvanofaradization,api-user,2023-01-26 00:00:00,10,1.46
7173,keyword,cumbersome,api-user,2022-08-29 00:00:00,22,2.59
3297,hybrid,bespoke,end-user,2022-08-25 00:00:00,19,2.07
4799,keyword,Palamitism,api-user,2022-08-16 00:00:00,10,3.78
1403,keyword,Whitmonday,api-user,2024-08-01 00:00:00,3,4.27
2859,keyword,errhine contrive,admin,2022-03-19 00:00:00,7,3.29
2747,keyword,airlike theriotheism,db-user,2022-08-17 00:00:00,5,2.46
8067,keyword,Cyprinoidea uprising,end-user,2022-09-14 00:00:00,23,4.2
1313,keyword,dorsocephalic quiddle,api-user,2022-08-30 00:00:00,13,3.95
3750,hybrid,becomes splinterd Antarctalia Pyrrhonic,end-user,2022-11-18 00:00:00,27,2.79
8738,keyword,cuspal undertenure premonopoly sejunctively,end-user,2022-01-26 00:00:00,22,2.81
3846,keyword,promagistrate stroboscope prerich fertile,db-user,2024-02-17 00:00:00,3,2.53
9556,keyword,osteotomy hemicardia bemuslined,end-user,2024-08-02 00:00:00,21,2.33
7347,keyword,lividness thyroprotein thawy Aurorian,end-user,2022-12-09 00:00:00,15,2.75
5741,hybrid,Chien Dimaris Holostei,db-user,2023-02-22 00:00:00,20,3.59
5146,keyword,eloquentness thamuria,admin,2022-11-30 00:00:00,23,0.63
7497,keyword,glycosuria hypsographical,db-user,2023-09-23 00:00:00,3,4.27
3206,keyword,epiplanktonic landaulet serpent,db-user,2024-09-21 00:00:00,22,4.07
3233,keyword,bowdlerism guffaw pylar,admin,2024-01-16 00:00:00,19,4.97
6519,hybrid,gyration hazeless sectioplanography,api-user,2022-07-05 00:00:00,29,3.84
6014,hybrid,gruffy,end-user,2022-05-29 00:00:00,23,0.58
6451,keyword,rechafe,end-user,2024-02-01 00:00:00,8,2.2
8766,keyword,Megalichthyidae farmyardy,db-user,2023-10-28 00:00:00,5,4.24
3096,hybrid,rastle polyglobulia,api-user,2023-01-22 00:00:00,26,2.51
3712,keyword,serpuloid,end-user,2022-05-15 00:00:00,4,1.79
6073,hybrid,decried squirrelfish,db-user,2024-12-21 00:00:00,24,2.49
5835,keyword,barabora theatricism uncordial,end-user,2024-09-25 00:00:00,22,3.74
1130,keyword,obfuscation disfranchisement florisugent,admin,2023-10-31 00:00:00,24,3.63
7711,hybrid,wacky erythrophyll,db-user,2022-08-16 00:00:00,12,1.48
5772,keyword,cellulofibrous quarreling,end-user,2023-08-07 00:00:00,16,3.68
5369,keyword,unhelped dilatometric,db-user,2024-11-08 00:00:00,2,4.0
2254,hybrid,unanticipative autoluminescent reviewable idiospastic,end-user,2024-02-08 00:00:00,26,4.73
5031,hybrid,expert resurrectible forenotice hagiolatrous,api-user,2023-04-12 00:00:00,28,2.5
8639,keyword,pictoric unillumination,admin,2022-08-28 00:00:00,1,0.9
6657,keyword,seriate abnormalize invital tynd,end-user,2023-02-20 00:00:00,3,3.49
8316,hybrid,despecificate,end-user,2023-07-29 00:00:00,23,1.39
2717,hybrid,mameliere,db-user,2024-05-10 00:00:00,17,2.31
6144,hybrid,unbarren,api-user,2022-10-19 00:00:00,4,2.32
8366,hybrid,felsophyric barilla angioasthenia,end-user,2023-06-27 00:00:00,10,3.21
1087,keyword,mantling bepill hemoglobinophilic,api-user,2023-10-31 00:00:00,24,2.88
4948,keyword,periprostatitis pundonor,end-user,2024-04-25 00:00:00,24,2.21
3544,hybrid,undeciman disentanglement dogberry,db-user,2024-12-25 00:00:00,26,3.73
6567,hybrid,interested epistemologically,api-user,2022-03-18 00:00:00,20,2.65
7814,hybrid,massicot Protephemeroidea unjudicious,admin,2023-01-30 00:00:00,14,3.44
5604,hybrid,referentially,api-user,2022-03-01 00:00:00,10,2.98
2186,keyword,pluralist friezer,admin,2024-08-24 00:00:00,23,3.22
4685,keyword,Calophyllum phototypically,db-user,2022-11-30 00:00:00,19,2.11
5522,keyword,evergreenery Glassite,admin,2023-02-14 00:00:00,28,3.36
5940,keyword,Ligurian Vetiveria wherry encashment,db-user,2022-05-09 00:00:00,5,0.98
2435,hybrid,wheedlesome,db-user,2024-07-29 00:00:00,27,3.65
8270,hybrid,egomaniacal malocclusion revalenta arthropathy,db-user,2023-07-22 00:00:00,5,1.28
3266,keyword,beblubber dissolute,end-user,2022-06-05 00:00:00,6,0.9
2675,keyword,uniconstant stirless droddum,api-user,2023-08-31 00:00:00,4,4.89
6484,keyword,owerance equidensity overdeepen mythopoeic,api-user,2024-09-02 00:00:00,23,1.3
8826,hybrid,unluxurious superlenient Alfuro,db-user,2022-05-06 00:00:00,16,1.91
8233,hybrid,cerebrospinal,api-user,2022-10-19 00:00:00,20,4.09
9138,hybrid,antenumber dipped datiscoside Bulimulidae,db-user,2022-07-07 00:00:00,19,3.41
2839,hybrid,gourdful,db-user,2022-11-09 00:00:00,16,4.52
3436,keyword,secluding simplicist hemiplegy shelvy,admin,2024-03-23 00:00:00,17,1.49
1605,hybrid,aggregate,api-user,2024-02-26 00:00:00,1,2.13
9620,keyword,prepollex dearie iridokinesia,db-user,2023-06-26 00:00:00,6,1.13
7176,hybrid,biophysiology soapbox,api-user,2022-06-09 00:00:00,5,3.56
9781,keyword,stubrunner ageless elastica nonresidentiary,api-user,2024-10-10 00:00:00,22,1.48
1599,hybrid,flowerful overfellowly vicianose Amati,api-user,2024-01-21 00:00:00,26,2.39
7575,hybrid,kinetomer,api-user,2024-03-09 00:00:00,6,2.9
1186,keyword,servility,admin,2022-06-25 00:00:00,29,3.26
6103,hybrid,cobola Pythic,end-user,2022-09-20 00:00:00,25,1.48
1799,keyword,basichromatinic jawfoot,admin,2024-10-02 00:00:00,5,4.87
8372,hybrid,antivice penetratingness palatian,end-user,2024-07-24 00:00:00,1,2.07
5767,hybrid,subdichotomously sclerodermic unbendsome accrescence,admin,2022-07-16 00:00:00,24,4.69
4646,hybrid,pizzeria mallardite melee,admin,2024-11-21 00:00:00,4,0.72
1677,keyword,detectivism autohemolysis con,api-user,2023-02-27 00:00:00,18,1.18
6818,keyword,slowhound mylohyoidean bondager,admin,2024-10-10 00:00:00,12,0.98
2300,hybrid,untuneful,db-user,2023-08-11 00:00:00,17,4.9
9556,hybrid,newsbill talc sapota wardroom,db-user,2023-03-19 00:00:00,1,0.77
6456,keyword,budworm,admin,2022-06-06 00:00:00,18,3.16
3486,hybrid,weatherheaded bacteriodiagnosis roundseam,admin,2024-12-21 00:00:00,18,3.63
6897,hybrid,Amblypoda,admin,2023-08-09 00:00:00,1,1.46
2769,keyword,pseudoisomeric saprophagan undeceive,admin,2024-06-10 00:00:00,23,4.91
4581,keyword,stagskin Mahi,db-user,2024-01-11 00:00:00,11,2.79
2231,keyword,raftage keerogue,admin,2023-11-10 00:00:00,21,2.71
6984,keyword,unanimated totemy lamented,admin,2022-10-20 00:00:00,17,1.06
6904,keyword,unconsciously Juri,admin,2022-03-13 00:00:00,11,0.62
4778,hybrid,polycotyly hypospadias rugulose,api-user,2024-06-21 00:00:00,8,0.86
2250,keyword,bullyable,admin,2024-10-10 00:00:00,16,2.86
7236,hybrid,aloose unfamiliarly,end-user,2023-06-18 00:00:00,20,1.89
9543,keyword,birth centrodesmus overcloak prickmadam,admin,2022-12-08 00:00:00,28,3.13
8054,keyword,unbenefitable sanctity,db-user,2022-03-13 00:00:00,10,4.43
5813,hybrid,adradial guarantee Nasiei liana,api-user,2022-05-01 00:00:00,10,0.74
1634,hybrid,serpolet dundasite implicitly galany,api-user,2022-06-05 00:00:00,12,4.98
3774,keyword,autolyzate,admin,2024-03-31 00:00:00,4,2.83
7992,hybrid,cowyard cacuminal,db-user,2024-08-04 00:00:00,13,3.54
9934,keyword,steid,end-user,2024-02-26 00:00:00,15,4.26
4432,keyword,enjoinder Inger stingo,api-user,2022-05-14 00:00:00,28,2.42
2299,hybrid,extrasensible,db-user,2024-01-10 00:00:00,6,3.9
7171,keyword,beckoner Piscis dithymol,end-user,2023-05-14 00:00:00,16,3.79
6984,keyword,amortization,admin,2022-07-10 00:00:00,13,4.66
7982,keyword,taillike,end-user,2024-08-01 00:00:00,26,2.37
7216,hybrid,piperine colpoperineorrhaphy hamulus,admin,2022-06-18 00:00:00,1,1.44
2539,hybrid,lirellate fasciodesis divesture distrustingly,admin,2023-01-23 00:00:00,12,3.01
5893,keyword,Zulinde smockface,admin,2022-10-01 00:00:00,12,2.13
2443,hybrid,uterointestinal,admin,2023-05-20 00:00:00,20,0.65
1698,hybrid,summable,end-user,2023-03-16 00:00:00,18,2.1
5136,hybrid,shrewstruck,end-user,2022-04-27 00:00:00,21,1.24
1011,hybrid,abraxas cloakedly,admin,2023-03-15 00:00:00,26,3.47
8928,keyword,liberalizer convertibleness judicative,admin,2022-11-19 00:00:00,15,4.53
8456,keyword,schismatical siege negotiant,api-user,2024-08-07 00:00:00,4,3.67
6798,hybrid,Percoidea heterostatic,admin,2024-12-02 00:00:00,28,4.37
4599,keyword,physicotheology,admin,2024-09-21 00:00:00,24,3.53
7238,keyword,checkered undemonstrativeness opiniativeness,admin,2024-08-19 00:00:00,2,1.66
7559,keyword,apagogical Kanauji,admin,2023-08-20 00:00:00,16,2.36
7395,keyword,mightyhearted coendure,api-user,2024-08-03 00:00:00,2,4.71
4765,keyword,dystomous,db-user,2022-12-25 00:00:00,5,4.31
3994,hybrid,digging cephalopathy,db-user,2024-07-13 00:00:00,19,1.51
3544,hybrid,gymnasic,admin,2023-12-05 00:00:00,6,3.36
8370,hybrid,choristic Integropallialia,admin,2022-05-03 00:00:00,12,4.09
2451,hybrid,unviewable polyaffectioned unfanned Massilia,db-user,2024-06-18 00:00:00,5,0.7
8107,keyword,legibly,admin,2022-12-20 00:00:00,15,1.36
4406,keyword,infinitieth,end-user,2023-05-01 00:00:00,10,1.91
5989,keyword,nonclaimable,admin,2022-05-23 00:00:00,4,4.06
3120,hybrid,Hebraistical husho eglandular mehmandar,end-user,2024-07-12 00:00:00,23,1.52
7012,hybrid,superevident submicroscopic,api-user,2024-04-10 00:00:00,10,3.91
4427,keyword,inconsonance prepuberal fortuitousness teeming,admin,2023-06-20 00:00:00,18,4.07
5810,keyword,Srivatsan Paulian receipt,db-user,2022-03-28 00:00:00,10,2.85
6673,hybrid,presignificator Gor,end-user,2024-11-14 00:00:00,4,4.1
8680,keyword,rehabilitative,end-user,2023-03-14 00:00:00,25,0.64
8482,keyword,witherly scronach,admin,2022-04-02 00:00:00,19,2.26
1994,hybrid,bloodstained incurrence unmetricalness,admin,2022-11-12 00:00:00,21,0.85
9465,keyword,tuffaceous unilaminar Iberi camphire,api-user,2023-12-30 00:00:00,22,4.39
4033,keyword,antagonist,api-user,2023-02-12 00:00:00,15,1.75
9845,keyword,Pratap lissamphibian,api-user,2022-07-04 00:00:00,1,1.45
3882,hybrid,relieve preaccounting cistic coldly,end-user,2023-05-18 00:00:00,26,3.4
4683,keyword,Zadokite unsealing overclose pessimal,admin,2023-10-30 00:00:00,25,1.12
6983,hybrid,spurious marblelike manege sheetwise,db-user,2023-10-20 00:00:00,23,1.89
1260,keyword,prematrimonial,admin,2023-06-13 00:00:00,21,3.19
9160,hybrid,melanize,end-user,2023-03-26 00:00:00,16,2.23
1506,keyword,dogmatic debenzolize necessary pinitol,api-user,2022-02-07 00:00:00,23,2.62
6519,hybrid,agrostologist traditive Pollyannish,end-user,2024-08-31 00:00:00,22,3.31
4042,hybrid,warlock,end-user,2024-01-10 00:00:00,23,1.59
4217,keyword,gratefully counterrestoration,db-user,2022-07-31 00:00:00,16,2.23
1194,hybrid,clavodeltoid,api-user,2023-01-25 00:00:00,24,0.78
3506,keyword,casuarinaceous intertragian distinguishment nullity,api-user,2024-01-27 00:00:00,25,4.52
7938,keyword,phytolatry,admin,2023-09-02 00:00:00,5,2.72
1682,hybrid,undisconnected,end-user,2022-06-27 00:00:00,26,3.96
7639,hybrid,pithecanthropic,end-user,2024-06-20 00:00:00,1,2.14
2198,hybrid,hologastrular lactone twiner,api-user,2023-12-25 00:00:00,14,2.0
1874,hybrid,transpirability unmaimed,db-user,2023-11-11 00:00:00,22,3.32
3200,hybrid,sphincterectomy homotransplant,db-user,2024-03-18 00:00:00,18,3.64
3498,keyword,atmologist ironwork blastula,admin,2024-01-22 00:00:00,22,2.23
2110,hybrid,butterbird unconsolidated,db-user,2023-12-04 00:00:00,16,2.92
2427,hybrid,unreined bacteriology,end-user,2022-08-20 00:00:00,6,2.12
2779,keyword,semirepublican gravigrade,end-user,2024-05-27 00:00:00,1,4.73
1067,hybrid,flewed salework outpurse,api-user,2023-12-30 00:00:00,23,4.39
1990,keyword,photomagnetic grieffully,api-user,2024-10-06 00:00:00,21,2.54
8695,hybrid,overnourish redisseizor wildish sunderance,api-user,2024-11-05 00:00:00,5,1.81
6079,hybrid,preferredness superstitionless,admin,2023-08-18 00:00:00,14,1.73
8000,keyword,degradand ahong,end-user,2024-03-08 00:00:00,7,3.4
2431,hybrid,danalite remisunderstand anicular,end-user,2022-07-18 00:00:00,9,1.99
3852,hybrid,catechizer caudillism,end-user,2023-06-12 00:00:00,1,1.56
3149,keyword,Agnostus tanhouse,api-user,2023-08-14 00:00:00,24,3.14
2022,keyword,augmentationer hypnoidization,admin,2022-10-15 00:00:00,12,3.87
6579,keyword,nonfixation,admin,2022-08-04 00:00:00,11,3.49
6300,hybrid,nonbacterial,end-user,2023-06-14 00:00:00,20,3.99
6279,hybrid,Calandrinia hebetative,api-user,2024-10-17 00:00:00,3,2.89
1385,hybrid,itatartaric cyclostomate cytopathologically theophilanthropy,api-user,2024-05-19 00:00:00,12,1.6
2887,keyword,embalmer jasey undetracting slimeman,db-user,2023-12-10 00:00:00,6,0.79
5969,hybrid,predivider Poritidae spongian,end-user,2024-06-18 00:00:00,16,2.86
8993,keyword,niminy Serapea enteralgia,api-user,2024-11-09 00:00:00,3,4.73
3355,keyword,Sinology laicism dullhearted,admin,2022-09-04 00:00:00,10,3.26
4611,keyword,hemilethargy daygoing,db-user,2023-06-12 00:00:00,14,2.67
7765,keyword,interinhibition,api-user,2023-06-28 00:00:00,7,1.83
1340,keyword,laet blisteringly,admin,2024-08-04 00:00:00,3,3.3
8751,hybrid,shoppe,db-user,2023-04-04 00:00:00,1,1.66
6845,hybrid,inkmaker darkness feverless,end-user,2023-02-23 00:00:00,14,3.79
9946,keyword,Southron conclusional,db-user,2023-10-10 00:00:00,25,4.05
6662,hybrid,mawk cleveite naturalness Camellus,admin,2022-01-16 00:00:00,28,3.98
4304,keyword,trackmaster uncranked,end-user,2022-07-12 00:00:00,10,4.6
8650,hybrid,lacksense outstorm,end-user,2024-04-28 00:00:00,7,3.37
6583,keyword,amused,end-user,2024-04-14 00:00:00,10,1.27
6501,hybrid,money isobathic tragacanthin,admin,2023-05-29 00:00:00,7,3.26
9990,keyword,masseteric aspergil,end-user,2024-04-15 00:00:00,11,4.72
6618,hybrid,nonmatrimonial electrify uneminently Ojibway,db-user,2024-12-08 00:00:00,25,4.36
4357,keyword,zygodactylism mesectoderm Cistercian,db-user,2024-06-02 00:00:00,29,2.22
9515,hybrid,kingless,admin,2024-05-26 00:00:00,17,1.56
2835,hybrid,fishwife overbrilliancy,api-user,2022-12-03 00:00:00,1,2.56
9389,hybrid,hornful,admin,2024-04-03 00:00:00,26,2.17
3894,hybrid,liminal weightlessness ornithogeographical,admin,2024-03-10 00:00:00,9,3.63
5297,hybrid,Bologna barratrously Esthacyte stroth,api-user,2022-08-24 00:00:00,29,1.08
7487,keyword,mechanical copatain,api-user,2024-07-18 00:00:00,21,0.76
7721,keyword,clustered,api-user,2022-09-30 00:00:00,7,0.82
4437,hybrid,fibrocartilage mastax upbreeze,db-user,2022-03-15 00:00:00,12,4.76
1397,hybrid,Mbaya mosquito sulphureonitrous,db-user,2022-09-11 00:00:00,15,4.83
7447,hybrid,tueiron lamellibranchiate showable ridgeband,end-user,2023-02-14 00:00:00,7,1.79
7204,keyword,germicide,api-user,2023-06-20 00:00:00,3,2.09
6947,hybrid,counterstatute cofferwork subchanter,admin,2023-05-01 00:00:00,9,0.81
5587,keyword,Mingrelian exude,db-user,2022-02-11 00:00:00,15,3.9
7710,keyword,zantewood unalist nuciferous interolivary,admin,2024-03-15 00:00:00,25,2.46
3098,hybrid,fossilogy Slavonically saviorship,db-user,2023-10-08 00:00:00,22,2.54
7603,hybrid,physiognomonical summital,end-user,2023-03-28 00:00:00,10,1.06
1402,hybrid,edh ahartalav Daltonian,db-user,2023-07-26 00:00:00,28,4.7
4996,keyword,saturated neossology,admin,2023-01-20 00:00:00,24,4.28
4672,hybrid,foresinger cornhouse suspensorial furfuraceously,api-user,2022-01-06 00:00:00,1,1.99
4356,hybrid,sinistrad,api-user,2023-05-13 00:00:00,7,2.66
7827,keyword,religion squeamy Oratorian ridiculize,end-user,2024-07-29 00:00:00,11,4.0
7174,hybrid,imponent koel winterize,admin,2024-01-13 00:00:00,14,3.2
1147,hybrid,imitableness unuttered,end-user,2024-06-03 00:00:00,2,0.53
1020,keyword,antemarital cuneately xanthoxenite,end-user,2022-02-10 00:00:00,20,2.72
4263,keyword,Tushepaw,db-user,2022-10-19 00:00:00,1,4.63
5999,keyword,ringman slack pneometry Paradoxurus,db-user,2023-06-07 00:00:00,22,4.73
6474,hybrid,agrarian viscerotonic,end-user,2024-04-20 00:00:00,19,1.22
4902,hybrid,rhizine adenocarcinomatous borosalicylate blepharostenosis,db-user,2022-10-31 00:00:00,16,1.5
3518,hybrid,Rosminianism nawt sulphydryl,db-user,2022-09-08 00:00:00,6,3.7
8775,keyword,striped,end-user,2023-02-13 00:00:00,23,3.38
2252,hybrid,fibromucous sprackish polyadenitis,api-user,2022-06-15 00:00:00,7,4.52
3560,keyword,Cyanospiza,db-user,2023-12-04 00:00:00,3,2.8
9553,hybrid,erucic,end-user,2022-03-27 00:00:00,13,4.51
6787,keyword,Russene,end-user,2024-02-20 00:00:00,11,0.64
2880,keyword,soldierize,api-user,2023-12-05 00:00:00,14,1.7
6028,hybrid,myriorama unpliantly salary nonexchangeability,api-user,2024-08-02 00:00:00,23,3.1
4760,hybrid,reductional,admin,2024-05-08 00:00:00,23,1.52
8405,keyword,mucroniferous lapsable transfashion supe,admin,2024-04-12 00:00:00,15,4.72
2825,hybrid,tickbean cojudge,db-user,2024-02-03 00:00:00,12,1.58
2316,keyword,hippen,db-user,2024-06-14 00:00:00,3,4.51
4158,hybrid,reflourish,end-user,2022-02-11 00:00:00,25,4.62
3161,keyword,needgates thermoreduction dissolvingly monostylous,api-user,2023-02-02 00:00:00,11,1.74
7612,hybrid,poverishment,end-user,2022-01-29 00:00:00,18,0.61
7583,keyword,soreheadedly,api-user,2024-08-26 00:00:00,29,2.4
5823,hybrid,brashiness misdemeanor positure,db-user,2023-06-13 00:00:00,12,2.99
4472,hybrid,spinosympathetic,admin,2023-12-05 00:00:00,7,4.87
4244,hybrid,sheltron,api-user,2023-09-29 00:00:00,28,2.79
1259,keyword,allokurtic crystallogenesis Chatti oyapock,db-user,2024-04-09 00:00:00,27,3.51
3668,keyword,infraradular washbowl,end-user,2023-09-01 00:00:00,26,2.78
9862,keyword,aglossate,api-user,2024-02-18 00:00:00,15,1.09
4660,hybrid,carnivorously distractedly acumen tyrant,admin,2024-09-23 00:00:00,19,4.62
